shape,speed_m_s,Cd,drag_N,power_W
Sphere,1.0,0.47,2890.5,2890.5
Sphere,1.1919191919191918,0.47,4106.450566268748,4894.557240603153
Sphere,1.3838383838383839,0.47,5535.332568105295,7660.005675054802
Sphere,1.5757575757575757,0.47,7177.1460055096395,11309.442190500038
Sphere,1.7676767676767677,0.47,9031.890878481787,15965.463674083967
Sphere,1.9595959595959596,0.47,11099.56718702173,21750.66701295167
Sphere,2.1515151515151514,0.47,13380.174931129473,28787.64909424826
Sphere,2.3434343434343434,0.47,15873.714110805018,37199.00680511883
Sphere,2.5353535353535355,0.47,18580.184726048363,47107.33703270848
Sphere,2.727272727272727,0.47,21499.586776859498,58635.236664162265
Sphere,2.919191919191919,0.47,24631.920263238444,71905.30258662536
Sphere,3.111111111111111,0.47,27977.185185185182,87040.13168724279
Sphere,3.3030303030303028,0.47,31535.381542699724,104162.32085315969
Sphere,3.494949494949495,0.47,35306.50933578205,123394.4669715211
Sphere,3.686868686868687,0.47,39290.5685644322,144859.16692947227
Sphere,3.8787878787878785,0.47,43487.55922865013,168679.01761415805
Sphere,4.070707070707071,0.47,47897.48132843587,194976.6159127238
Sphere,4.262626262626263,0.47,52520.334863789416,223874.5587123145
Sphere,4.454545454545454,0.47,57356.11983471073,255495.44290007502
Sphere,4.646464646464646,0.47,62404.83624119986,289961.86536315084
Sphere,4.838383838383838,0.47,67666.48408325682,327396.422988687
Sphere,5.03030303030303,0.47,73141.06336088154,367921.71266382834
Sphere,5.222222222222222,0.47,78828.57407407409,411660.33127572027
Sphere,5.4141414141414135,0.47,84729.01622283438,458734.87571150734
Sphere,5.6060606060606055,0.47,90842.38980716252,509267.9428583353
Sphere,5.797979797979798,0.47,97168.69482705843,563382.1296033488
Sphere,5.98989898989899,0.47,103707.93128252219,621200.0328336934
Sphere,6.181818181818182,0.47,110460.09917355371,682844.2494365139
Sphere,6.373737373737374,0.47,117425.19850015304,748437.3762989553
Sphere,6.565656565656565,0.47,124603.22926232014,818102.0103081624
Sphere,6.757575757575757,0.47,131994.19146005507,891960.7483512812
Sphere,6.949494949494949,0.47,139598.08509335777,970136.187315456
Sphere,7.141414141414141,0.47,147414.9101622283,1052750.9240878324
Sphere,7.333333333333333,0.47,155444.66666666666,1139927.5555555555
Sphere,7.525252525252525,0.47,163687.35460667277,1231788.6786057698
Sphere,7.717171717171717,0.47,172142.97398224668,1328456.8901256209
Sphere,7.909090909090908,0.47,180811.52479338838,1430054.7870022533
Sphere,8.1010101010101,0.47,189693.0070400979,1536704.9661228133
Sphere,8.292929292929292,0.47,198787.42072237522,1648530.024374445
Sphere,8.484848484848484,0.47,208094.76584022035,1765652.5586442938
Sphere,8.676767676767676,0.47,217615.0423936333,1888195.1658195052
Sphere,8.868686868686869,0.47,227348.25038261403,2016280.4427872235
Sphere,9.06060606060606,0.47,237294.3898071625,2150030.9864345933
Sphere,9.252525252525253,0.47,247453.46066727885,2289569.393648762
Sphere,9.444444444444445,0.47,257825.462962963,2435018.2613168727
Sphere,9.636363636363635,0.47,268410.3966942147,2586500.186326069
Sphere,9.828282828282827,0.47,279208.2618610345,2744137.7655635
Sphere,10.020202020202019,0.47,290219.05846342194,2908053.5959163085
Sphere,10.212121212121211,0.47,301442.78650137736,3078370.274271641
Sphere,10.404040404040403,0.47,312879.44597490045,3255210.397516641
Sphere,10.595959595959595,0.47,324529.0368839913,3438696.5625384534
Sphere,10.787878787878787,0.47,336391.55922865006,3628951.3662242247
Sphere,10.97979797979798,0.47,348467.0130088766,3826097.4054610995
Sphere,11.171717171717171,0.47,360755.39822467096,4030257.277136223
Sphere,11.363636363636363,0.47,373256.714876033,4241553.578136738
Sphere,11.555555555555555,0.47,385970.962962963,4460108.905349795
Sphere,11.747474747474747,0.47,398898.1424854607,4686045.855662533
Sphere,11.93939393939394,0.47,412038.25344352616,4919487.0259621
Sphere,12.13131313131313,0.47,425391.29583715927,5160555.013135638
Sphere,12.323232323232322,0.47,438957.26966636046,5409372.4140703
Sphere,12.515151515151514,0.47,452736.1749311294,5666061.825653224
Sphere,12.707070707070706,0.47,466728.01163146604,5930745.8447715575
Sphere,12.898989898989898,0.47,480932.77976737055,6203547.068312446
Sphere,13.09090909090909,0.47,495350.4793388429,6484588.093163034
Sphere,13.282828282828282,0.47,509981.110345883,6773991.516210466
Sphere,13.474747474747474,0.47,524824.6727884909,7071879.934341887
Sphere,13.666666666666666,0.47,539881.1666666665,7378375.944444442
Sphere,13.858585858585858,0.47,555150.5919804102,7693602.14340528
Sphere,14.05050505050505,0.47,570632.9487297214,8017681.128111539
Sphere,14.242424242424242,0.47,586328.2369146005,8350735.49545037
Sphere,14.434343434343434,0.47,602236.4565350475,8692887.842308918
Sphere,14.626262626262625,0.47,618357.607591062,9044260.76557432
Sphere,14.818181818181817,0.47,634691.6900826445,9404976.86213373
Sphere,15.010101010101009,0.47,651238.7040097947,9775158.728874292
Sphere,15.2020202020202,0.47,667998.6493725127,10154928.962683147
Sphere,15.393939393939393,0.47,684971.5261707987,10544410.160447447
Sphere,15.585858585858585,0.47,702157.3344046525,10943724.91905433
Sphere,15.777777777777777,0.47,719556.0740740739,11352995.835390944
Sphere,15.969696969696969,0.47,737167.7451790632,11772345.506344432
Sphere,16.16161616161616,0.47,754992.3477196201,12201896.528801939
Sphere,16.353535353535353,0.47,773029.8816957453,12641771.499650622
Sphere,16.545454545454547,0.47,791280.3471074381,13092093.015777614
Sphere,16.737373737373737,0.47,809743.7439546986,13552983.674070055
Sphere,16.929292929292927,0.47,828420.0722375265,14024566.071415095
Sphere,17.12121212121212,0.47,847309.3319559229,14506962.804699892
Sphere,17.31313131313131,0.47,866411.5231098866,15000296.47081157
Sphere,17.505050505050505,0.47,885726.6456994183,15504689.666637292
Sphere,17.696969696969695,0.47,905254.6997245176,16020264.98906419
Sphere,17.88888888888889,0.47,924995.6851851853,16547145.034979425
Sphere,18.08080808080808,0.47,944949.6020814201,17085452.40127012
Sphere,18.27272727272727,0.47,965116.4504132229,17635309.684823435
Sphere,18.464646464646464,0.47,985496.2301805936,18196839.482526515
Sphere,18.656565656565654,0.47,1006088.941383532,18770164.3912665
Sphere,18.848484848484848,0.47,1026894.5840220383,19355407.00793054
Sphere,19.040404040404038,0.47,1047913.1580961123,19952689.92940577
Sphere,19.232323232323232,0.47,1069144.6636057543,20562135.752579354
Sphere,19.424242424242422,0.47,1090589.1005509638,21183867.074338414
Sphere,19.616161616161616,0.47,1112246.4689317418,21818006.491570126
Sphere,19.808080808080806,0.47,1134116.7687480866,22464676.60116159
Sphere,20.0,0.47,1156200.0,23124000.0
Blunt cylinder,1.0,1.05,6457.5,6457.5
Blunt cylinder,1.1919191919191918,1.05,9173.985307621671,10934.649154538962
Blunt cylinder,1.3838383838383839,1.05,12366.168503213958,17112.77863576073
Blunt cylinder,1.5757575757575757,1.05,16034.049586776857,25265.775106436256
Blunt cylinder,1.7676767676767677,1.05,20177.628558310378,35667.52522933653
Blunt cylinder,1.9595959595959596,1.05,24796.905417814505,48591.91566723246
Blunt cylinder,2.1515151515151514,1.05,29891.88016528925,64312.83308289505
Blunt cylinder,2.3434343434343434,1.05,35462.55280073462,83104.16413909527
Blunt cylinder,2.5353535353535355,1.05,41508.9233241506,105239.79549860406
Blunt cylinder,2.727272727272727,1.05,48030.99173553718,130993.6138241923
Blunt cylinder,2.919191919191919,1.05,55028.7580348944,160639.50577863114
Blunt cylinder,3.111111111111111,1.05,62502.222222222226,194451.35802469138
Blunt cylinder,3.3030303030303028,1.05,70451.38429752066,232703.057225144
Blunt cylinder,3.494949494949495,1.05,78876.24426078971,275668.49004276
Blunt cylinder,3.686868686868687,1.05,87776.80211202939,323621.5431403104
Blunt cylinder,3.8787878787878785,1.05,97153.05785123966,376836.10318056593
Blunt cylinder,4.070707070707071,1.05,107005.01147842058,435586.05682629795
Blunt cylinder,4.262626262626263,1.05,117332.6629935721,500145.2907402771
Blunt cylinder,4.454545454545454,1.05,128136.01239669419,570787.6915852741
Blunt cylinder,4.646464646464646,1.05,139415.05968778694,647787.1460240604
Blunt cylinder,4.838383838383838,1.05,151169.80486685035,731417.5407194073
Blunt cylinder,5.03030303030303,1.05,163400.2479338843,821952.7623340846
Blunt cylinder,5.222222222222222,1.05,176106.38888888893,919666.6975308645
Blunt cylinder,5.4141414141414135,1.05,189288.22773186406,1024833.2329725163
Blunt cylinder,5.6060606060606055,1.05,202945.76446280992,1137726.255321813
Blunt cylinder,5.797979797979798,1.05,217078.9990817263,1258619.6512415241
Blunt cylinder,5.98989898989899,1.05,231687.93158861343,1387787.307394422
Blunt cylinder,6.181818181818182,1.05,246772.56198347107,1525503.1104432757
Blunt cylinder,6.373737373737374,1.05,262332.89026629936,1672040.9470508576
Blunt cylinder,6.565656565656565,1.05,278368.9164370982,1827674.7038799373
Blunt cylinder,6.757575757575757,1.05,294880.6404958677,1992678.2675932876
Blunt cylinder,6.949494949494949,1.05,311868.0624426078,2167325.5248536784
Blunt cylinder,7.141414141414141,1.05,329331.1822773186,2351890.362323881
Blunt cylinder,7.333333333333333,1.05,347270.0,2546646.6666666665
Blunt cylinder,7.525252525252525,1.05,365684.515610652,2751868.324544805
Blunt cylinder,7.717171717171717,1.05,384574.7291092746,2967829.2226210684
Blunt cylinder,7.909090909090908,1.05,403940.6404958677,3194803.247558226
Blunt cylinder,8.1010101010101,1.05,423782.24977043155,3433064.2860190514
Blunt cylinder,8.292929292929292,1.05,444099.556932966,3682886.2246663137
Blunt cylinder,8.484848484848484,1.05,464892.5619834711,3944542.9501627847
Blunt cylinder,8.676767676767676,1.05,486161.2649219468,4218308.349171235
Blunt cylinder,8.868686868686869,1.05,507905.6657483931,4504456.3083544355
Blunt cylinder,9.06060606060606,1.05,530125.7644628099,4803260.714375156
Blunt cylinder,9.252525252525253,1.05,552821.5610651975,5114995.4538961705
Blunt cylinder,9.444444444444445,1.05,575993.0555555557,5439934.413580249
Blunt cylinder,9.636363636363635,1.05,599640.247933884,5778351.480090154
Blunt cylinder,9.828282828282827,1.05,623763.1382001835,6130520.540088671
Blunt cylinder,10.020202020202019,1.05,648361.7263544534,6496715.480238562
Blunt cylinder,10.212121212121211,1.05,673436.0123966942,6877210.187202604
Blunt cylinder,10.404040404040403,1.05,698985.9963269053,7272278.54764356
Blunt cylinder,10.595959595959595,1.05,725011.6781450871,7682194.448224205
Blunt cylinder,10.787878787878787,1.05,751513.0578512396,8107231.775607311
Blunt cylinder,10.97979797979798,1.05,778490.1354453627,8547664.416455649
Blunt cylinder,11.171717171717171,1.05,805942.9109274565,9003766.257431988
Blunt cylinder,11.363636363636363,1.05,833871.3842975206,9475811.185199097
Blunt cylinder,11.555555555555555,1.05,862275.5555555556,9964073.086419754
Blunt cylinder,11.747474747474747,1.05,891155.4247015612,10468825.847756725
Blunt cylinder,11.93939393939394,1.05,920510.9917355373,10990343.355872778
Blunt cylinder,12.13131313131313,1.05,950342.2566574836,11528899.497430684
Blunt cylinder,12.323232323232322,1.05,980649.219467401,12084768.159093224
Blunt cylinder,12.515151515151514,1.05,1011431.8801652892,12658223.227523163
Blunt cylinder,12.707070707070706,1.05,1042690.2387511476,13249538.589383269
Blunt cylinder,12.898989898989898,1.05,1074424.295224977,13858988.131336318
Blunt cylinder,13.09090909090909,1.05,1106634.0495867769,14486845.740045078
Blunt cylinder,13.282828282828282,1.05,1139319.5018365472,15133385.302172318
Blunt cylinder,13.474747474747474,1.05,1172480.6519742883,15798880.704380812
Blunt cylinder,13.666666666666666,1.05,1206117.4999999998,16483605.83333333
Blunt cylinder,13.858585858585858,1.05,1240230.0459136823,17187834.575692646
Blunt cylinder,14.05050505050505,1.05,1274818.2897153352,17911840.818121526
Blunt cylinder,14.242424242424242,1.05,1309882.2314049588,18655898.447282746
Blunt cylinder,14.434343434343434,1.05,1345421.8709825529,19420281.349839073
Blunt cylinder,14.626262626262625,1.05,1381437.2084481174,20205263.41245327
Blunt cylinder,14.818181818181817,1.05,1417928.2438016527,21011118.521788124
Blunt cylinder,15.010101010101009,1.05,1454894.9770431586,21838120.5645064
Blunt cylinder,15.2020202020202,1.05,1492337.4081726351,22686543.427270867
Blunt cylinder,15.393939393939393,1.05,1530255.5371900825,23556660.996744297
Blunt cylinder,15.585858585858585,1.05,1568649.3640955002,24448747.159589462
Blunt cylinder,15.777777777777777,1.05,1607518.8888888888,25363075.80246913
Blunt cylinder,15.969696969696969,1.05,1646864.1115702477,26299920.812046073
Blunt cylinder,16.16161616161616,1.05,1686685.032139577,27259556.074983057
Blunt cylinder,16.353535353535353,1.05,1726981.650596878,28242255.477942884
Blunt cylinder,16.545454545454547,1.05,1767753.9669421492,29248292.90758829
Blunt cylinder,16.737373737373737,1.05,1809001.9811753905,30277942.25058204
Blunt cylinder,16.929292929292927,1.05,1850725.693296602,31331477.393586915
Blunt cylinder,17.12121212121212,1.05,1892925.1033057852,32409172.223265715
Blunt cylinder,17.31313131313131,1.05,1935600.2112029383,33511300.626281172
Blunt cylinder,17.505050505050505,1.05,1978751.0169880623,34638136.48929608
Blunt cylinder,17.696969696969695,1.05,2022377.5206611566,35789953.698973194
Blunt cylinder,17.88888888888889,1.05,2066479.7222222227,36967026.14197532
Blunt cylinder,18.08080808080808,1.05,2111057.621671258,38169627.70496517
Blunt cylinder,18.27272727272727,1.05,2156111.219008264,39398032.27460555
Blunt cylinder,18.464646464646464,1.05,2201640.514233241,40652513.73755924
Blunt cylinder,18.656565656565654,1.05,2247645.5073461886,41933345.980488986
Blunt cylinder,18.848484848484848,1.05,2294126.198347107,43240802.89005759
Blunt cylinder,19.040404040404038,1.05,2341082.587235996,44575158.3529278
Blunt cylinder,19.232323232323232,1.05,2388514.674012855,45936686.25576238
Blunt cylinder,19.424242424242422,1.05,2436422.4586776854,47325660.48522413
Blunt cylinder,19.616161616161616,1.05,2484805.941230487,48742354.92797582
Blunt cylinder,19.808080808080806,1.05,2533665.1216712575,50187043.470680155
Blunt cylinder,20.0,1.05,2583000.0,51660000.0
Streamlined teardrop,1.0,0.12,738.0,738.0
Streamlined teardrop,1.1919191919191918,0.12,1048.4554637281908,1249.6741890901667
Streamlined teardrop,1.3838383838383839,0.12,1413.2764003673094,1955.7461298012263
Streamlined teardrop,1.5757575757575757,0.12,1832.462809917355,2887.5171550212863
Streamlined teardrop,1.7676767676767677,0.12,2306.0146923783286,4076.28859763846
Streamlined teardrop,1.9595959595959596,0.12,2833.9320477502292,5553.361790540853
Streamlined teardrop,2.1515151515151514,0.12,3416.214876033057,7350.0380666165765
Streamlined teardrop,2.3434343434343434,0.12,4052.8631772268136,9497.618758753744
Streamlined teardrop,2.5353535353535355,0.12,4743.876951331497,12027.405199840463
Streamlined teardrop,2.727272727272727,0.12,5489.256198347106,14970.698722764833
Streamlined teardrop,2.919191919191919,0.12,6289.000918273646,18358.800660414985
Streamlined teardrop,3.111111111111111,0.12,7143.111111111111,22223.012345679013
Streamlined teardrop,3.3030303030303028,0.12,8051.5867768595035,26594.635111445026
Streamlined teardrop,3.494949494949495,0.12,9014.427915518823,31504.970290601137
Streamlined teardrop,3.686868686868687,0.12,10031.634527089072,36985.31921603547
Streamlined teardrop,3.8787878787878785,0.12,11103.206611570246,43066.9832206361
Streamlined teardrop,4.070707070707071,0.12,12229.14416896235,49781.26363729119
Streamlined teardrop,4.262626262626263,0.12,13409.447199265382,57159.461798888806
Streamlined teardrop,4.454545454545454,0.12,14644.115702479336,65232.879038317034
Streamlined teardrop,4.646464646464646,0.12,15933.14967860422,74032.81668846405
Streamlined teardrop,4.838383838383838,0.12,17276.549127640035,83590.57608221794
Streamlined teardrop,5.03030303030303,0.12,18674.314049586774,93937.45855246681
Streamlined teardrop,5.222222222222222,0.12,20126.444444444445,105104.76543209878
Streamlined teardrop,5.4141414141414135,0.12,21632.94031221303,117123.79805400185
Streamlined teardrop,5.6060606060606055,0.12,23193.80165289256,130025.85775106432
Streamlined teardrop,5.797979797979798,0.12,24809.028466483003,143842.24585617418
Streamlined teardrop,5.98989898989899,0.12,26478.62075298439,158604.2637022196
Streamlined teardrop,6.181818181818182,0.12,28202.578512396693,174343.21262208864
Streamlined teardrop,6.373737373737374,0.12,29980.901744719926,191090.39394866943
Streamlined teardrop,6.565656565656565,0.12,31813.590449954077,208877.10901484996
Streamlined teardrop,6.757575757575757,0.12,33700.644628099166,227734.6591535186
Streamlined teardrop,6.949494949494949,0.12,35642.06427915518,247694.34569756326
Streamlined teardrop,7.141414141414141,0.12,37637.84940312213,268787.46997987217
Streamlined teardrop,7.333333333333333,0.12,39687.99999999999,291045.33333333326
Streamlined teardrop,7.525252525252525,0.12,41792.51606978879,314499.2370908348
Streamlined teardrop,7.717171717171717,0.12,43951.397612488516,339180.4825852649
Streamlined teardrop,7.909090909090908,0.12,46164.64462809916,365120.3711495115
Streamlined teardrop,8.1010101010101,0.12,48432.25711662074,392350.20411646296
Streamlined teardrop,8.292929292929292,0.12,50754.23507805325,420901.28281900723
Streamlined teardrop,8.484848484848484,0.12,53130.57851239669,450804.90859003254
Streamlined teardrop,8.676767676767676,0.12,55561.28741965105,482092.3827624268
Streamlined teardrop,8.868686868686869,0.12,58046.361799816346,514795.0066690783
Streamlined teardrop,9.06060606060606,0.12,60585.80165289255,548944.081642875
Streamlined teardrop,9.252525252525253,0.12,63179.60697887971,584570.9090167052
Streamlined teardrop,9.444444444444445,0.12,65827.7777777778,621706.790123457
Streamlined teardrop,9.636363636363635,0.12,68530.31404958674,660383.0262960176
Streamlined teardrop,9.828282828282827,0.12,71287.21579430668,700630.9188672767
Streamlined teardrop,10.020202020202019,0.12,74098.48301193753,742481.7691701214
Streamlined teardrop,10.212121212121211,0.12,76964.11570247932,785966.8785374402
Streamlined teardrop,10.404040404040403,0.12,79884.11386593204,831117.5483021212
Streamlined teardrop,10.595959595959595,0.12,82858.47750229566,877965.079797052
Streamlined teardrop,10.787878787878787,0.12,85887.20661157022,926540.7743551211
Streamlined teardrop,10.97979797979798,0.12,88970.30119375573,976875.9333092169
Streamlined teardrop,11.171717171717171,0.12,92107.76124885216,1029001.8579922271
Streamlined teardrop,11.363636363636363,0.12,95299.58677685949,1082949.8497370395
Streamlined teardrop,11.555555555555555,0.12,98545.77777777778,1138751.2098765431
Streamlined teardrop,11.747474747474747,0.12,101846.33425160698,1196437.2397436255
Streamlined teardrop,11.93939393939394,0.12,105201.25619834711,1256039.2406711746
Streamlined teardrop,12.13131313131313,0.12,108610.54361799812,1317588.513992078
Streamlined teardrop,12.323232323232322,0.12,112074.19651056011,1381116.3610392255
Streamlined teardrop,12.515151515151514,0.12,115592.21487603303,1446654.0831455041
Streamlined teardrop,12.707070707070706,0.12,119164.59871441688,1514232.9816438023
Streamlined teardrop,12.898989898989898,0.12,122791.34802571163,1583884.3578670074
Streamlined teardrop,13.09090909090909,0.12,126472.46280991734,1655639.5131480086
Streamlined teardrop,13.282828282828282,0.12,130207.94306703395,1729529.7488196932
Streamlined teardrop,13.474747474747474,0.12,133997.78879706148,1805586.3662149496
Streamlined teardrop,13.666666666666666,0.12,137841.99999999997,1883840.6666666663
Streamlined teardrop,13.858585858585858,0.12,141740.5766758494,1964323.951507731
Streamlined teardrop,14.05050505050505,0.12,145693.51882460972,2047067.5220710316
Streamlined teardrop,14.242424242424242,0.12,149700.826446281,2132102.6796894567
Streamlined teardrop,14.434343434343434,0.12,153762.49954086318,2219460.7256958936
Streamlined teardrop,14.626262626262625,0.12,157878.53810835624,2309172.9614232304
Streamlined teardrop,14.818181818181817,0.12,162048.94214876028,2401270.6882043565
Streamlined teardrop,15.010101010101009,0.12,166273.71166207525,2495785.2073721597
Streamlined teardrop,15.2020202020202,0.12,170552.84664830114,2592747.8202595273
Streamlined teardrop,15.393939393939393,0.12,174886.347107438,2692189.8281993484
Streamlined teardrop,15.585858585858585,0.12,179274.21303948574,2794142.53252451
Streamlined teardrop,15.777777777777777,0.12,183716.4444444444,2898637.2345679007
Streamlined teardrop,15.969696969696969,0.12,188213.041322314,3005705.235662408
Streamlined teardrop,16.16161616161616,0.12,192764.0036730945,3115377.8371409206
Streamlined teardrop,16.353535353535353,0.12,197369.33149678604,3227686.3403363293
Streamlined teardrop,16.545454545454547,0.12,202029.02479338847,3342662.0465815184
Streamlined teardrop,16.737373737373737,0.12,206743.08356290174,3460336.2572093755
Streamlined teardrop,16.929292929292927,0.12,211511.50780532593,3580740.2735527903
Streamlined teardrop,17.12121212121212,0.12,216334.29752066117,3703905.3969446532
Streamlined teardrop,17.31313131313131,0.12,221211.45270890722,3829862.928717848
Streamlined teardrop,17.505050505050505,0.12,226142.97337006425,3958644.170205266
Streamlined teardrop,17.696969696969695,0.12,231128.85950413218,4090280.4227397935
Streamlined teardrop,17.88888888888889,0.12,236169.11111111115,4224802.987654322
Streamlined teardrop,18.08080808080808,0.12,241263.72819100088,4362243.166281733
Streamlined teardrop,18.27272727272727,0.12,246412.71074380158,4502632.259954919
Streamlined teardrop,18.464646464646464,0.12,251616.05876951324,4646001.570006769
Streamlined teardrop,18.656565656565654,0.12,256873.77226813583,4792382.39777017
Streamlined teardrop,18.848484848484848,0.12,262185.85123966937,4941806.04457801
Streamlined teardrop,19.040404040404038,0.12,267552.2956841138,5094303.811763177
Streamlined teardrop,19.232323232323232,0.12,272973.1056014692,5249907.000658559
Streamlined teardrop,19.424242424242422,0.12,278448.28099173546,5408646.9125970425
Streamlined teardrop,19.616161616161616,0.12,283977.8218549128,5570554.848911522
Streamlined teardrop,19.808080808080806,0.12,289561.7281910009,5735662.110934875
Streamlined teardrop,20.0,0.12,295200.0,5904000.0
